INSERT INTO CUSTOMER 
VALUES (192384229, 'George', 'P', 'Johnson', '3452349812', 'georgepjohnson@gmail.com', 'Richardson', 'Dallas','700 W Renner road');
INSERT INTO CUSTOMER 
VALUES (127364313, 'John', 'G', 'Kennedy', '3532549694', 'johngkennedy@gmail.com','Richardson', 'Dallas','1200 P R road');
INSERT INTO CUSTOMER 
VALUES (825374328, 'Peter', 'P', 'Kennedy', '3532549694', 'peterpkennedy@gmail.com','Plano', 'Dallas','1200 P R road');

INSERT INTO EMPLOYEE
	VALUES(123456780, 'JOHN','B', 'SMITH', 9721234567, 'JOHNBSMITH@GMAIL.COM', 40000,'09:00','17:00','09-sep-2000');
INSERT INTO EMPLOYEE
	VALUES(123456782, 'SHERRY','A', 'AIDEN', 9722224567, 'SHERRYAAIDEN@GMAIL.COM', 20000,'03:00','14:00','09-sep-2013');
INSERT INTO EMPLOYEE
	VALUES(123456784, 'BRYAN','B', 'BROWN', 9721234890, 'BRYANBBROWN@GMAIL.COM', 20000,'09:00','17:00','09-sep-2001');
INSERT INTO EMPLOYEE
	VALUES(123456781, 'ROSS','L', 'JONES', 9721234567, 'ROSSLJONES@GMAIL.COM', 30000,'06:00','23:00','10-nov-2000');
INSERT INTO EMPLOYEE
	VALUES(123456783, 'ADOLF','B', 'JHONSON', 9725554567, 'ADOLFBJHONSON@GMAIL.COM', 30000,'13:00','23:00','12-jan-2005');
INSERT INTO EMPLOYEE
	VALUES(123456785, 'ASPEN','B', 'PENHAM', 9721234777, 'ASPENBPENHAM@GMAIL.COM', 30000,'04:00','14:00','09-nov-2000');
  
INSERT INTO CREDITCARD 
VALUES (192384229, 1234564323452345, 677, '12-apr-2019');
INSERT INTO CREDITCARD 
VALUES (127364313, 1644064322451370, 232, '09-may-2020');
INSERT INTO CREDITCARD 
VALUES (825374328, 6674362327401538, 112, '02-sep-2017');

INSERT INTO DRIVER
	VALUES(123456780, 'Y', NULL,0);
INSERT INTO DRIVER
	VALUES(123456782, 'Y', NULL,0);
INSERT INTO DRIVER
	VALUES(123456784, 'Y', NULL,0);
  
INSERT INTO DISPATCHER
	VALUES(123456781);
INSERT INTO DISPATCHER
	VALUES(123456783);
INSERT INTO DISPATCHER
	VALUES(123456785);
  
INSERT INTO WORKING_DAYS 
VALUES(123456780, 'MON');
INSERT INTO WORKING_DAYS 
VALUES(123456782, 'SUN');
INSERT INTO WORKING_DAYS 
VALUES(123456784, 'WED');
INSERT INTO WORKING_DAYS 
VALUES(123456781, 'MON');
INSERT INTO WORKING_DAYS 
VALUES(123456783, 'SUN');
INSERT INTO WORKING_DAYS 
VALUES(123456785, 'WED');

INSERT INTO RIDE_REQUEST 
VALUES ('r123456789', 3, 'N', 'ACTIVE', '#123 CAMPBELL RD', 'RICHARDSON', '#124 RENNER RD', 'RICHARDSON', '16-apr-2016', 192384229);
INSERT INTO RIDE_REQUEST 
VALUES ('r123456790', 2, 'Y', 'FULFILLED', '#3232 6TH STREETt', 'AUSTIN', '#999 RENNER RD', 'RICHARDSON', '15-apr-2016', 127364313);
INSERT INTO RIDE_REQUEST 
VALUES ('r123456791', 4, 'N', 'ACCEPTED', '#012 CAMPBELL RD', 'RICHARDSON', '#666 RENNER RD', 'RICHARDSON', '13-apr-2016', 825374328);

INSERT INTO TAXI_MODEL 
VALUES('Crown Victoria', 4, 2.49);
INSERT INTO TAXI_MODEL 
VALUES('Prius', 4, 4.99);
INSERT INTO TAXI_MODEL 
VALUES('NV200', 4, 7.49);

INSERT INTO TAXI 
VALUES('J98257', 'NV200', '08-may-2013', 'Y', 'Y');
INSERT INTO TAXI 
VALUES('SBA12345', 'NV200', '17-sep-2014', 'Y', 'N');
INSERT INTO TAXI 	
VALUES('WB06F5977', 'Prius', '01-may-2011', 'Y', 'N');

INSERT INTO RIDE
	VALUES('r123456789', 123456780, 'J98257','16-apr-2016','16-apr-2016',15.2,0);	
INSERT INTO RIDE
	VALUES('r123456790', 123456782, 'SBA12345','15-apr-2016','15-apr-2016',30.4,0);
INSERT INTO RIDE
	VALUES('r123456791', 123456784, 'WB06F5977','13-apr-2016','13-apr-2016',20.8,0);
  
INSERT INTO CERTIFICATION 
VALUES (123456780, 'Crown Victoria');
INSERT INTO CERTIFICATION 
VALUES (123456782, 'Toyota Prius');
INSERT INTO CERTIFICATION 
VALUES (123456784, 'NV200');
INSERT INTO CERTIFICATION 
VALUES (123456782, 'Crown Victoria');
INSERT INTO CERTIFICATION 
VALUES (123456784, 'Toyota Prius');
INSERT INTO CERTIFICATION 
VALUES (123456782, 'NV200');

INSERT INTO REVIEW 
VALUES (192384229, 123456780, 3);
INSERT INTO REVIEW 
VALUES (192384229, 123456782, 5);
INSERT INTO REVIEW 
VALUES (127364313, 123456782, 4);
INSERT INTO REVIEW 
VALUES (825374328, 123456784, 4);
INSERT INTO REVIEW 
VALUES (825374328, 123456780, 3);
INSERT INTO REVIEW 
VALUES (825374328, 123456782, 1);
